order_no,shop_pin,payment_confirmed_at,order_at,sqlite_exists,mysql_raw_exists,mysql_standard_exists,derived_exists,first_loaded_at,last_loaded_at,first_stat_date,last_stat_date,row_count,distinct_line_count,order_count_flag,order_status,receivable,refund_amount,excel_exists,category
3594202005226685,miyo-周,2026-08-18 13:19:10,2026-08-18 13:18:52,True,False,True,True,2026-08-27 12:36:47,2026-08-27 12:36:47,2026-08-18,2026-08-18,1,1,1,完成,419,0.0,False,LATER_BACKFILL
3594240006857436,miyo-周,2026-08-18 19:24:33,2026-08-18 19:24:19,True,False,True,True,2026-08-27 12:36:47,2026-08-27 12:36:47,2026-08-18,2026-08-18,1,1,1,完成,696,0.0,False,LATER_BACKFILL
3594247012759492,miyo-周,2026-08-18 22:54:45,2026-08-18 22:54:27,True,False,True,True,2026-08-27 12:36:47,2026-08-27 12:36:47,2026-08-18,2026-08-18,1,1,0,(删除)等待出库,604,475.0,False,LATER_BACKFILL
3594261015706439,miyo-周,2026-08-18 17:44:29,2026-08-18 17:44:21,True,False,True,True,2026-08-27 12:36:47,2026-08-27 12:36:47,2026-08-18,2026-08-18,1,1,0,(删除)等待出库,369,369.0,False,LATER_BACKFILL
3594264008977320,miyo-周,2026-08-18 15:40:14,2026-08-18 15:38:56,True,False,True,True,2026-08-27 12:36:47,2026-08-27 12:36:47,2026-08-18,2026-08-18,1,1,0,(删除)等待出库,168.00（系统计算中，该值仅供参考）,168.0,False,LATER_BACKFILL
3594284019318788,miyo-周,2026-08-18 19:42:55,2026-08-18 19:42:43,True,False,True,True,2026-08-27 12:36:47,2026-08-27 12:36:47,2026-08-18,2026-08-18,1,1,0,(删除)等待出库,519,420.0,False,LATER_BACKFILL
3594294019329354,miyo-周,2026-08-18 21:12:36,2026-08-18 21:11:55,True,False,True,True,2026-08-27 12:36:47,2026-08-27 12:36:47,2026-08-18,2026-08-18,1,1,0,(删除)等待出库,789.00（系统计算中，该值仅供参考）,789.0,False,LATER_BACKFILL
3594402005203351,miyo-周,2026-08-18 12:09:29,2026-08-18 12:09:12,True,False,True,True,2026-08-27 12:36:47,2026-08-27 12:36:47,2026-08-18,2026-08-18,1,1,0,(删除)等待出库,339.00（系统计算中，该值仅供参考）,369.0,False,LATER_BACKFILL
3594404019275274,miyo-周,2026-08-18 12:45:48,2026-08-18 12:45:32,True,False,True,True,2026-08-27 12:36:47,2026-08-27 12:36:47,2026-08-18,2026-08-18,1,1,1,完成,156,0.0,False,LATER_BACKFILL
3594404019452585,miyo-周,2026-08-18 23:16:21,2026-08-18 23:15:38,True,False,True,True,2026-08-27 12:36:47,2026-08-27 12:36:47,2026-08-18,2026-08-18,1,1,1,完成,843,0.0,False,LATER_BACKFILL
3594411009446480,miyo-周,2026-08-18 22:49:21,2026-08-18 22:49:09,True,False,True,True,2026-08-27 12:36:47,2026-08-27 12:36:47,2026-08-18,2026-08-18,1,1,1,完成,356,0.0,False,LATER_BACKFILL
3594411014409004,miyo-周,2026-08-18 14:35:15,2026-08-18 14:35:09,True,False,True,True,2026-08-27 12:36:47,2026-08-27 12:36:47,2026-08-18,2026-08-18,1,1,1,完成,719,0.0,False,LATER_BACKFILL
3594412014611332,miyo-周,2026-08-18 12:24:55,2026-08-18 12:24:50,True,False,True,True,2026-08-27 12:36:47,2026-08-27 12:36:47,2026-08-18,2026-08-18,1,1,1,完成,696,0.0,False,LATER_BACKFILL
3594415013845895,miyo-周,2026-08-18 11:44:41,2026-08-18 11:44:33,True,False,True,True,2026-08-27 12:36:47,2026-08-27 12:36:47,2026-08-18,2026-08-18,1,1,1,(删除)等待确认收货,662.00（系统计算中，该值仅供参考）,662.0,False,LATER_BACKFILL
3594415013973923,miyo-周,2026-08-18 18:54:30,2026-08-18 18:54:23,True,False,True,True,2026-08-27 12:36:47,2026-08-27 12:36:47,2026-08-18,2026-08-18,1,1,1,(删除)等待确认收货,691.00（系统计算中，该值仅供参考）,691.0,False,LATER_BACKFILL
3594416008871958,miyo-周,2026-08-18 22:46:43,2026-08-18 22:46:38,True,False,True,True,2026-08-27 12:36:47,2026-08-27 12:36:47,2026-08-18,2026-08-18,1,1,1,完成,599,599.0,False,LATER_BACKFILL
3594418008751420,miyo-周,2026-08-18 23:09:35,2026-08-18 23:09:20,True,False,True,True,2026-08-27 12:36:47,2026-08-27 12:36:47,2026-08-18,2026-08-18,1,1,0,(删除)等待出库,629.00（系统计算中，该值仅供参考）,629.0,False,LATER_BACKFILL
3594423013262331,miyo-周,2026-08-18 23:43:59,2026-08-18 23:43:49,True,False,True,True,2026-08-27 12:36:47,2026-08-27 12:36:47,2026-08-18,2026-08-18,1,1,1,完成,579,0.0,False,LATER_BACKFILL
3594427012933443,miyo-周,2026-08-18 09:33:10,2026-08-18 09:32:53,True,False,True,True,2026-08-27 12:36:47,2026-08-27 12:36:47,2026-08-18,2026-08-18,1,1,1,(删除)等待确认收货,932.00（系统计算中，该值仅供参考）,937.0,False,LATER_BACKFILL
3594433012973706,miyo-周,2026-08-18 16:33:36,2026-08-18 16:33:34,True,False,True,True,2026-08-27 12:36:47,2026-08-27 12:36:47,2026-08-18,2026-08-18,1,1,1,完成,653,0.0,False,LATER_BACKFILL
3594435007421318,miyo-周,2026-08-18 21:48:58,2026-08-18 21:48:00,True,False,True,True,2026-08-27 12:36:47,2026-08-27 12:36:47,2026-08-18,2026-08-18,1,1,1,完成,525,0.0,False,LATER_BACKFILL
3594437007261269,miyo-周,2026-08-18 15:26:30,2026-08-18 15:26:01,True,False,True,True,2026-08-27 12:36:47,2026-08-27 12:36:47,2026-08-18,2026-08-18,1,1,1,完成,653,0.0,False,LATER_BACKFILL
3594438007158111,miyo-周,2026-08-18 19:53:41,2026-08-18 19:53:36,True,False,True,True,2026-08-27 12:36:47,2026-08-27 12:36:47,2026-08-18,2026-08-18,1,1,1,完成,702,0.0,False,LATER_BACKFILL
3594443006862089,miyo-周,2026-08-18 15:55:00,2026-08-18 15:54:26,True,False,True,True,2026-08-27 12:36:47,2026-08-27 12:36:47,2026-08-18,2026-08-18,1,1,1,完成,489,489.0,False,LATER_BACKFILL
3594447007225640,miyo-周,2026-08-18 23:09:05,2026-08-18 23:08:51,True,False,True,True,2026-08-27 12:36:47,2026-08-27 12:36:47,2026-08-18,2026-08-18,1,1,0,(删除)等待出库,604,604.0,False,LATER_BACKFILL
3594448006825333,miyo-周,2026-08-18 20:18:47,2026-08-18 20:18:44,True,False,True,True,2026-08-27 12:36:47,2026-08-27 12:36:47,2026-08-18,2026-08-18,1,1,1,完成,659,0.0,False,LATER_BACKFILL
3594455009354370,miyo-周,2026-08-18 19:47:53,2026-08-18 19:47:46,True,False,True,True,2026-08-27 12:36:47,2026-08-27 12:36:47,2026-08-18,2026-08-18,1,1,0,(删除)等待出库,751.00（系统计算中，该值仅供参考）,751.0,False,LATER_BACKFILL
3594460015975624,miyo-周,2026-08-18 20:30:04,2026-08-18 20:30:02,True,False,True,True,2026-08-27 12:36:47,2026-08-27 12:36:47,2026-08-18,2026-08-18,1,1,0,(删除)等待出库,529.00（系统计算中，该值仅供参考）,529.0,False,LATER_BACKFILL
3594460015977391,miyo-周,2026-08-18 20:37:37,2026-08-18 20:37:35,True,False,True,True,2026-08-27 12:36:47,2026-08-27 12:36:47,2026-08-18,2026-08-18,1,1,1,完成,529,0.0,False,LATER_BACKFILL
3594463015875529,miyo-周,2026-08-18 12:02:52,2026-08-18 12:02:32,True,False,True,True,2026-08-27 12:36:47,2026-08-27 12:36:47,2026-08-18,2026-08-18,1,1,1,完成,699,699.0,False,LATER_BACKFILL
3594464009148046,miyo-周,2026-08-18 23:10:48,2026-08-18 23:10:40,True,False,True,True,2026-08-27 12:36:47,2026-08-27 12:36:47,2026-08-18,2026-08-18,1,1,1,(删除)等待确认收货,666.00（系统计算中，该值仅供参考）,666.0,False,LATER_BACKFILL
3594470005685240,miyo-周,2026-08-18 17:25:09,2026-08-18 17:25:00,True,False,True,True,2026-08-27 12:36:47,2026-08-27 12:36:47,2026-08-18,2026-08-18,1,1,1,完成,549,0.0,False,LATER_BACKFILL
3594472005779719,miyo-周,2026-08-18 20:31:39,2026-08-18 20:31:37,True,False,True,True,2026-08-27 12:36:47,2026-08-27 12:36:47,2026-08-18,2026-08-18,1,1,0,(删除)等待出库,364.00（系统计算中，该值仅供参考）,369.0,False,LATER_BACKFILL
3594472011532866,miyo-周,2026-08-18 20:36:14,2026-08-18 20:36:12,True,False,True,True,2026-08-27 12:36:47,2026-08-27 12:36:47,2026-08-18,2026-08-18,1,1,1,完成,369,0.0,False,LATER_BACKFILL
3594485003006380,miyo-周,2026-08-18 15:27:49,2026-08-18 15:27:41,True,False,True,True,2026-08-27 12:36:47,2026-08-27 12:36:47,2026-08-18,2026-08-18,1,1,1,完成,419,419.0,False,LATER_BACKFILL
3594485003051066,miyo-周,2026-08-18 17:45:33,2026-08-18 17:45:31,True,False,True,True,2026-08-27 12:36:47,2026-08-27 12:36:47,2026-08-18,2026-08-18,1,1,1,完成,549,0.0,False,LATER_BACKFILL
3594490002833341,miyo-周,2026-08-18 17:10:57,2026-08-18 17:10:05,True,False,True,True,2026-08-27 12:36:47,2026-08-27 12:36:47,2026-08-18,2026-08-18,1,1,1,等待确认收货,691,0.0,False,LATER_BACKFILL
3594491002993401,miyo-周,2026-08-18 00:01:30,2026-08-18 00:01:18,True,False,True,True,2026-08-27 12:36:47,2026-08-27 12:36:47,2026-08-18,2026-08-18,1,1,1,完成,1058,0.0,False,LATER_BACKFILL
3594491019378581,miyo-周,2026-08-18 11:37:31,2026-08-18 11:35:57,True,False,True,True,2026-08-27 12:36:47,2026-08-27 12:36:47,2026-08-18,2026-08-18,1,1,1,完成,519,0.0,False,LATER_BACKFILL
3595281002868807,miyo-周,2026-08-19 08:23:01,2026-08-19 08:16:22,True,False,True,True,2026-08-27 12:36:47,2026-08-27 12:36:47,2026-08-19,2026-08-19,1,1,1,完成,789,0.0,False,LATER_BACKFILL
3595283003286844,miyo-周,2026-08-19 18:02:19,2026-08-19 18:02:13,True,False,True,True,2026-08-27 12:36:47,2026-08-27 12:36:47,2026-08-19,2026-08-19,1,1,1,完成,379,0.0,False,LATER_BACKFILL
3595402005497972,miyo-周,2026-08-19 09:38:06,2026-08-19 09:37:59,True,False,True,True,2026-08-27 12:36:47,2026-08-27 12:36:47,2026-08-19,2026-08-19,1,1,1,(删除)等待确认收货,369.00（系统计算中，该值仅供参考）,369.0,False,LATER_BACKFILL
3595404005606081,miyo-周,2026-08-19 13:05:32,2026-08-19 13:05:16,True,False,True,True,2026-08-27 12:36:47,2026-08-27 12:36:47,2026-08-19,2026-08-19,1,1,1,完成,653,0.0,False,LATER_BACKFILL
3595404019634788,miyo-周,2026-08-19 16:06:30,2026-08-19 16:06:22,True,False,True,True,2026-08-27 12:36:47,2026-08-27 12:36:47,2026-08-19,2026-08-19,1,1,1,完成,764,0.0,False,LATER_BACKFILL
3595405000974999,miyo-周,2026-08-19 21:01:00,2026-08-19 21:00:54,True,False,True,True,2026-08-27 12:36:47,2026-08-27 12:36:47,2026-08-19,2026-08-19,1,1,0,(删除)等待出库,539.00（系统计算中，该值仅供参考）,539.0,False,LATER_BACKFILL
3595405000993030,miyo-周,2026-08-19 21:02:55,2026-08-19 21:02:46,True,False,True,True,2026-08-27 12:36:47,2026-08-27 12:36:47,2026-08-19,2026-08-19,1,1,1,完成,499,499.0,False,LATER_BACKFILL
3595407001146046,miyo-周,2026-08-19 15:04:16,2026-08-19 15:04:08,True,False,True,True,2026-08-27 12:36:47,2026-08-27 12:36:47,2026-08-19,2026-08-19,1,1,1,完成,439,0.0,False,LATER_BACKFILL
3595426013580802,miyo-周,2026-08-19 17:53:00,2026-08-19 17:52:37,True,False,True,True,2026-08-27 12:36:47,2026-08-27 12:36:47,2026-08-19,2026-08-19,1,1,1,完成,429,0.0,False,LATER_BACKFILL
3595430012937128,miyo-周,2026-08-19 06:28:06,2026-08-19 06:28:01,True,False,True,True,2026-08-27 12:36:47,2026-08-27 12:36:47,2026-08-19,2026-08-19,1,1,1,完成,569,0.0,False,LATER_BACKFILL
3595430013161654,miyo-周,2026-08-19 21:11:56,2026-08-19 21:11:51,True,False,True,True,2026-08-27 12:36:47,2026-08-27 12:36:47,2026-08-19,2026-08-19,1,1,1,完成,691,0.0,False,LATER_BACKFILL
3595432007783257,miyo-周,2026-08-19 18:03:26,2026-08-19 18:03:14,True,False,True,True,2026-08-27 12:36:47,2026-08-27 12:36:47,2026-08-19,2026-08-19,1,1,0,(锁定)等待确认收货,469,0.0,False,LATER_BACKFILL
3595434013089446,miyo-周,2026-08-19 18:55:57,2026-08-19 18:55:51,True,False,True,True,2026-08-27 12:36:47,2026-08-27 12:36:47,2026-08-19,2026-08-19,1,1,1,完成,593,593.0,False,LATER_BACKFILL
3595436013138995,miyo-周,2026-08-19 19:58:50,2026-08-19 19:58:31,True,False,True,True,2026-08-27 12:36:47,2026-08-27 12:36:47,2026-08-19,2026-08-19,1,1,1,完成,956,0.0,False,LATER_BACKFILL
3595439007643872,miyo-周,2026-08-19 14:03:10,2026-08-19 14:02:59,True,False,True,True,2026-08-27 12:36:47,2026-08-27 12:36:47,2026-08-19,2026-08-19,1,1,1,完成,764,794.0,False,LATER_BACKFILL
3595452009631226,miyo-周,2026-08-19 23:46:51,2026-08-19 23:46:40,True,False,True,True,2026-08-27 12:36:47,2026-08-27 12:36:47,2026-08-19,2026-08-19,1,1,0,(删除)等待出库,569.00（系统计算中，该值仅供参考）,569.0,False,LATER_BACKFILL
3595455009623346,miyo-周,2026-08-19 13:22:58,2026-08-19 13:22:53,True,False,True,True,2026-08-27 12:36:47,2026-08-27 12:36:47,2026-08-19,2026-08-19,1,1,0,(删除)等待出库,39.60（系统计算中，该值仅供参考）,39.6,False,LATER_BACKFILL
3595468009730308,miyo-周,2026-08-19 20:17:15,2026-08-19 20:17:09,True,False,True,True,2026-08-27 12:36:47,2026-08-27 12:36:47,2026-08-19,2026-08-19,1,1,1,完成,819,0.0,False,LATER_BACKFILL
3595468009761366,miyo-周,2026-08-19 21:52:05,2026-08-19 21:51:58,True,False,True,True,2026-08-27 12:36:47,2026-08-27 12:36:47,2026-08-19,2026-08-19,1,1,1,完成,955,955.0,False,LATER_BACKFILL
3595472006090429,miyo-周,2026-08-19 17:16:11,2026-08-19 17:15:38,True,False,True,True,2026-08-27 12:36:47,2026-08-27 12:36:47,2026-08-19,2026-08-19,1,1,1,完成,593,0.0,False,LATER_BACKFILL
3595477006212390,miyo-周,2026-08-19 14:22:18,2026-08-19 14:22:16,True,False,True,True,2026-08-27 12:36:47,2026-08-27 12:36:47,2026-08-19,2026-08-19,1,1,0,(删除)等待出库,499.00（系统计算中，该值仅供参考）,499.0,False,LATER_BACKFILL
3595480019617928,miyo-周,2026-08-19 11:47:50,2026-08-19 11:47:41,True,False,True,True,2026-08-27 12:36:47,2026-08-27 12:36:47,2026-08-19,2026-08-19,1,1,1,完成,519,0.0,False,LATER_BACKFILL
3595483019589157,miyo-周,2026-08-19 21:31:48,2026-08-19 21:31:45,True,False,True,True,2026-08-27 12:36:47,2026-08-27 12:36:47,2026-08-19,2026-08-19,1,1,1,完成,79.2,0.0,False,LATER_BACKFILL
3595484019447542,miyo-周,2026-08-19 09:03:49,2026-08-19 09:03:34,True,False,True,True,2026-08-27 12:36:47,2026-08-27 12:36:47,2026-08-19,2026-08-19,1,1,1,(删除)等待确认收货,519.00（系统计算中，该值仅供参考）,519.0,False,LATER_BACKFILL
3595494019507077,miyo-周,2026-08-19 13:05:50,2026-08-19 13:05:26,True,False,True,True,2026-08-27 12:36:47,2026-08-27 12:36:47,2026-08-19,2026-08-19,1,1,1,完成,469,0.0,False,LATER_BACKFILL
3595499019828966,miyo-周,2026-08-19 21:54:56,2026-08-19 21:54:16,True,False,True,True,2026-08-27 12:36:47,2026-08-27 12:36:47,2026-08-19,2026-08-19,1,1,1,完成,809,809.0,False,LATER_BACKFILL
